{"cameraMode":{"drawMode":0,"name":"Shaded","section":"Shading Mode"},"sceneLighting":true,"audioPlay":false,"sceneViewState":{"m_AlwaysRefresh":false,"showFog":true,"showSkybox":true,"showFlares":true,"showImageEffects":true,"showParticleSystems":true,"showVisualEffectGraphs":true,"m_FxEnabled":false},"in2DMode":false,"pivot":{"x":-1.3515418767929078,"y":3.0053369998931886,"z":3.1529252529144289},"rotation":{"x":0.23773351311683656,"y":0.2707294225692749,"z":-0.06918560713529587,"w":0.9302704334259033},"size":6.477076530456543,"orthographic":false}